config,query_id,query_type_d24,precision@5_d24,recall@10_d24,ndcg@10_d24,mrr_d24,model,experiment,query_type_d22,precision@5_d22,recall@10_d22,ndcg@10_d22,mrr_d22,delta_precision@5,delta_recall@10,delta_ndcg@10,delta_mrr
domain_entity,Q-01,SINGLE_HOP,0.2,0.5,0.6131471927654584,1.0,v1.5,single_layer,SINGLE_HOP,0.6,1.5,1.3065735963827294,1.0,-0.39999999999999997,-1.0,-0.693426403617271,0.0
domain_entity,Q-02,SINGLE_HOP,0.2,0.5,0.6131471927654584,1.0,v1.5,single_layer,SINGLE_HOP,0.2,0.5,0.6131471927654584,1.0,0.0,0.0,0.0,0.0
domain_entity,Q-03,SINGLE_HOP,0.2,0.5,0.6131471927654584,1.0,v1.5,single_layer,SINGLE_HOP,0.2,0.5,0.6131471927654584,1.0,0.0,0.0,0.0,0.0
domain_entity,Q-04,SINGLE_HOP,0.2,1.0,1.0,1.0,v1.5,single_layer,SINGLE_HOP,0.6,1.3333333333333333,1.1356519734324475,1.0,-0.39999999999999997,-0.33333333333333326,-0.1356519734324475,0.0
domain_entity,Q-05,SINGLE_HOP,0.2,0.5,0.6131471927654584,1.0,v1.5,single_layer,SINGLE_HOP,0.2,0.5,0.6131471927654584,1.0,0.0,0.0,0.0,0.0
domain_entity,Q-06,SINGLE_HOP,0.2,0.5,0.38685280723454163,0.3333333333333333,v1.5,single_layer,SINGLE_HOP,0.2,0.5,0.3065735963827292,0.3333333333333333,0.0,0.0,0.08027921085181244,0.0
domain_entity,Q-07,SINGLE_HOP,0.2,0.5,0.6131471927654584,1.0,v1.5,single_layer,SINGLE_HOP,0.2,0.5,0.6131471927654584,1.0,0.0,0.0,0.0,0.0
domain_entity,Q-27,SINGLE_HOP,0.4,1.0,1.0,1.0,v1.5,single_layer,SINGLE_HOP,0.4,1.0,1.0,1.0,0.0,0.0,0.0,0.0
domain_entity,Q-28,SINGLE_HOP,0.0,0.5,0.23719771276929622,0.1,v1.5,single_layer,SINGLE_HOP,0.0,0.0,0.0,0.0,0.0,0.5,0.23719771276929622,0.1
domain_entity,Q-30,SINGLE_HOP,0.2,0.5,0.6131471927654584,1.0,v1.5,single_layer,SINGLE_HOP,0.2,0.5,0.6131471927654584,1.0,0.0,0.0,0.0,0.0
domain_entity,Q-34,SINGLE_HOP,0.2,0.5,0.6131471927654584,1.0,v1.5,single_layer,SINGLE_HOP,0.2,0.5,0.6131471927654584,1.0,0.0,0.0,0.0,0.0
domain_entity,Q-08,MULTI_HOP,0.6,1.0,1.0,1.0,v1.5,single_layer,MULTI_HOP,0.6,1.0,0.9674679834891692,1.0,0.0,0.0,0.03253201651083082,0.0
domain_entity,Q-09,MULTI_HOP,0.6,1.0,1.0,1.0,v1.5,single_layer,MULTI_HOP,0.6,1.0,1.0,1.0,0.0,0.0,0.0,0.0
domain_entity,Q-10,MULTI_HOP,0.2,0.6666666666666666,0.7039180890341347,1.0,v1.5,single_layer,MULTI_HOP,0.4,0.6666666666666666,0.7653606369886217,1.0,-0.2,0.0,-0.061442547954487,0.0
domain_entity,Q-11,MULTI_HOP,0.4,0.6666666666666666,0.7653606369886217,1.0,v1.5,single_layer,MULTI_HOP,0.4,1.0,0.932521091954824,1.0,0.0,-0.33333333333333337,-0.16716045496620235,0.0
domain_entity,Q-12,MULTI_HOP,0.4,0.6666666666666666,0.7653606369886217,1.0,v1.5,single_layer,MULTI_HOP,0.8,1.3333333333333333,1.2021073465005474,1.0,-0.4,-0.6666666666666666,-0.43674670951192573,0.0
domain_entity,Q-29,MULTI_HOP,0.6,1.0,1.0,1.0,v1.5,single_layer,MULTI_HOP,1.0,1.6666666666666667,1.3836491390379002,1.0,-0.4,-0.6666666666666667,-0.3836491390379002,0.0
domain_entity,Q-31,MULTI_HOP,0.6,1.0,1.0,1.0,v1.5,single_layer,MULTI_HOP,0.8,1.3333333333333333,1.2021073465005474,1.0,-0.20000000000000007,-0.33333333333333326,-0.2021073465005474,0.0
domain_entity,Q-35,MULTI_HOP,0.2,0.6666666666666666,0.7653606369886217,1.0,v1.5,single_layer,MULTI_HOP,0.4,0.6666666666666666,0.7039180890341347,1.0,-0.2,0.0,0.061442547954487,0.0
domain_entity,Q-13,AUTHORITY,0.0,0.0,0.0,0.0,v1.5,single_layer,AUTHORITY,0.0,0.0,0.0,0.0,0.0,0.0,0.0,0.0
domain_entity,Q-14,AUTHORITY,0.4,1.0,0.9197207891481876,1.0,v1.5,single_layer,AUTHORITY,0.6,1.5,1.1837889117207785,1.0,-0.19999999999999996,-0.5,-0.26406812257259094,0.0
domain_entity,Q-15,AUTHORITY,0.4,1.0,1.0,1.0,v1.5,single_layer,AUTHORITY,0.4,1.0,1.0,1.0,0.0,0.0,0.0,0.0
domain_entity,Q-16,AUTHORITY,0.6,1.0,1.0,1.0,v1.5,single_layer,AUTHORITY,0.6,1.0,1.0,1.0,0.0,0.0,0.0,0.0
domain_entity,Q-17,AUTHORITY,0.2,0.5,0.6131471927654584,1.0,v1.5,single_layer,AUTHORITY,0.2,0.5,0.6131471927654584,1.0,0.0,0.0,0.0,0.0
domain_entity,Q-18,TEMPORAL,0.2,0.5,0.6131471927654584,1.0,v1.5,single_layer,TEMPORAL,0.4,1.0,0.8772153153380493,1.0,-0.2,-0.5,-0.26406812257259094,0.0
domain_entity,Q-19,TEMPORAL,0.4,1.0,1.0,1.0,v1.5,single_layer,TEMPORAL,0.4,1.0,1.0,1.0,0.0,0.0,0.0,0.0
domain_entity,Q-20,TEMPORAL,0.4,1.0,1.0,1.0,v1.5,single_layer,TEMPORAL,0.4,1.5,1.0687523423529188,1.0,0.0,-0.5,-0.06875234235291883,0.0
domain_entity,Q-21,TEMPORAL,0.4,1.0,1.0,1.0,v1.5,single_layer,TEMPORAL,0.6,2.0,1.455605149587461,1.0,-0.19999999999999996,-1.0,-0.4556051495874609,0.0
domain_entity,Q-22,TEMPORAL,0.4,1.0,1.0,1.0,v1.5,single_layer,TEMPORAL,0.6,1.5,1.3065735963827294,1.0,-0.19999999999999996,-0.5,-0.3065735963827294,0.0
domain_entity,Q-23,TEMPORAL,0.4,1.0,0.9197207891481876,1.0,v1.5,single_layer,TEMPORAL,0.6,1.5,0.8078394317246163,0.3333333333333333,-0.19999999999999996,-0.5,0.1118813574235713,0.6666666666666667
domain_entity,Q-24,EXPLORATORY,0.0,0.0,0.0,0.0,v1.5,single_layer,EXPLORATORY,0.0,0.0,0.0,0.0,0.0,0.0,0.0,0.0
domain_entity,Q-25,EXPLORATORY,0.4,0.5,0.6366824387328317,1.0,v1.5,single_layer,EXPLORATORY,0.6,0.75,0.8318724637288826,1.0,-0.19999999999999996,-0.25,-0.19519002499605087,0.0
domain_entity,Q-26,EXPLORATORY,0.2,0.6666666666666666,0.6713860725233041,1.0,v1.5,single_layer,EXPLORATORY,0.4,1.0,0.5518331289811786,0.3333333333333333,-0.2,-0.33333333333333337,0.11955294354212542,0.6666666666666667
domain_entity,Q-32,EXPLORATORY,0.2,0.25,0.3903800499921017,1.0,v1.5,single_layer,EXPLORATORY,0.4,0.75,0.6713527276121545,1.0,-0.2,-0.5,-0.2809726776200528,0.0
domain_entity,Q-33,EXPLORATORY,0.4,0.6666666666666666,0.7653606369886217,1.0,v1.5,single_layer,EXPLORATORY,0.2,0.6666666666666666,0.6364391809889587,1.0,0.2,0.0,0.12892145599966298,0.0
domain_entity,Q-36,EXPLORATORY,0.4,0.6666666666666666,0.7653606369886217,1.0,v1.5,single_layer,EXPLORATORY,0.6,1.3333333333333333,1.020088320026859,1.0,-0.19999999999999996,-0.6666666666666666,-0.25472768303823723,0.0
